user_id,subscription_type,country,avg_daily_minutes,number_of_playlists,top_genre,skips_per_day,support_tickets,days_since_last_login,churned
user_1,Premium,US,134.9,4,Electronic,6,0,1,0
user_2,Premium,PK,165.7,5,Pop,8,0,12,0
user_3,Free,DE,45.9,3,Classical,3,0,3,0
user_4,Premium,PK,106.0,0,Jazz,7,0,3,0
user_5,Premium,US,89.6,5,Country,2,1,6,0
user_6,Free,IN,17.6,0,Rock,6,2,7,1
user_7,Free,UK,43.7,2,Hip-Hop,1,1,0,0
user_8,Premium,BR,131.3,3,Classical,7,0,1,0
user_9,Free,FR,41.9,5,Country,4,0,0,0
user_10,Free,DE,28.3,1,Electronic,6,0,10,0
user_11,Premium,UK,126.3,1,Country,1,0,34,1
user_12,Free,CA,65.9,2,Rock,7,0,25,1
user_13,Free,UK,56.5,1,Classical,0,0,17,1
user_14,Free,BR,38.4,0,Jazz,2,0,7,0
user_15,Premium,DE,129.7,4,Electronic,2,0,0,0
user_16,Free,US,78.4,3,Country,7,0,13,0
user_17,Free,RU,34.8,1,Electronic,5,0,4,0
user_18,Free,BR,89.3,1,Rock,3,0,3,0
user_19,Premium,FR,144.4,7,Electronic,4,0,1,0
user_20,Free,DE,90.1,3,Rock,7,0,8,1
user_21,Free,UK,58.9,5,Rock,0,0,0,0
user_22,Premium,UK,144.7,2,Jazz,8,0,7,0
user_23,Premium,PK,113.4,5,Country,9,1,2,0
user_24,Free,PK,44.5,1,Country,3,0,1,0
user_25,Free,AU,87.5,2,Rock,3,0,22,0
user_26,Premium,FR,135.4,7,Classical,5,0,22,0
user_27,Free,FR,38.9,1,Country,3,0,17,0
user_28,Free,IN,16.1,0,Classical,6,2,2,0
user_29,Premium,RU,109.7,3,Hip-Hop,4,0,7,0
user_30,Free,FR,72.1,0,Rock,9,0,35,0
user_31,Premium,UK,62.4,4,Electronic,5,0,0,0
user_32,Premium,IN,193.9,5,Rock,4,0,2,0
user_33,Free,PK,59.0,0,Country,8,0,2,0
user_34,Premium,DE,142.6,3,Electronic,9,0,10,0
user_35,Premium,BR,137.6,9,Classical,2,0,0,0
user_36,Free,US,43.0,5,Classical,7,0,0,0
user_37,Free,US,13.5,2,Rock,1,0,11,1
user_38,Free,PK,74.2,3,Rock,4,0,1,0
user_39,Premium,RU,96.5,4,Classical,7,0,16,0
user_40,Premium,DE,83.1,7,Pop,12,0,2,0
user_41,Premium,BR,127.8,6,Country,1,0,12,0
user_42,Premium,UK,80.4,6,Pop,8,0,0,0
user_43,Premium,DE,128.8,3,Rock,10,0,10,0
user_44,Premium,FR,134.2,6,Jazz,2,0,2,0
user_45,Premium,PK,154.8,3,Pop,7,0,10,0
user_46,Premium,UK,132.4,3,Country,5,1,4,1
user_47,Premium,DE,93.3,3,Country,4,0,22,1
user_48,Free,AU,70.2,4,Hip-Hop,6,1,6,0
user_49,Free,PK,52.1,7,Electronic,6,0,3,1
user_50,Free,US,34.3,2,Classical,4,0,1,1
user_51,Free,US,53.3,3,Classical,6,0,33,0
user_52,Premium,US,117.8,4,Classical,7,0,4,0
user_53,Premium,DE,106.6,6,Jazz,5,0,27,0
user_54,Free,RU,22.6,3,Pop,10,0,1,0
user_55,Premium,PK,121.7,2,Hip-Hop,6,1,11,0
user_56,Premium,DE,136.8,3,Hip-Hop,9,0,3,0
user_57,Free,CA,75.5,3,Country,6,1,16,1
user_58,Premium,RU,235.6,7,Pop,7,0,15,0
user_59,Free,CA,50.5,3,Pop,2,1,8,1
user_60,Free,PK,52.9,1,Electronic,3,0,7,0
user_61,Premium,PK,140.6,1,Pop,3,0,1,0
user_62,Premium,UK,152.7,8,Rock,5,0,2,0
user_63,Premium,IN,98.1,5,Hip-Hop,5,0,7,0
user_64,Free,FR,40.5,4,Classical,7,0,37,0
user_65,Premium,UK,59.2,5,Electronic,3,0,5,0
user_66,Free,IN,85.6,0,Electronic,9,2,1,1
user_67,Premium,AU,105.8,3,Classical,10,0,10,0
user_68,Premium,IN,132.1,5,Classical,9,0,9,0
user_69,Premium,AU,74.4,4,Rock,8,0,0,0
user_70,Premium,US,98.8,4,Hip-Hop,10,0,1,0
user_71,Free,PK,-37.2,0,Country,4,0,5,0
user_72,Free,DE,22.6,5,Country,8,0,0,0
user_73,Free,AU,103.2,0,Pop,8,0,10,0
user_74,Premium,AU,120.3,4,Country,5,0,8,0
user_75,Free,IN,63.4,3,Country,9,0,6,0
user_76,Free,BR,22.9,3,Rock,5,0,4,0
user_77,Free,DE,68.4,0,Rock,4,0,18,1
user_78,Free,UK,45.2,0,Country,3,0,11,0
user_79,Free,PK,87.0,2,Hip-Hop,7,1,3,1
user_80,Premium,IN,138.9,6,Classical,2,2,16,1
user_81,Free,AU,59.4,2,Hip-Hop,8,0,4,1
user_82,Premium,PK,102.3,8,Pop,3,0,14,0
user_83,Free,AU,99.2,2,Pop,7,0,4,0
user_84,Premium,DE,110.7,4,Hip-Hop,3,0,29,0
user_85,Premium,RU,122.9,6,Hip-Hop,2,0,3,0
user_86,Premium,PK,182.8,7,Hip-Hop,1,0,13,0
user_87,Premium,PK,138.7,6,Rock,4,0,0,0
user_88,Free,IN,33.1,0,Classical,10,0,21,1
user_89,Premium,FR,95.2,4,Hip-Hop,6,0,9,0
user_90,Premium,CA,103.1,4,Jazz,5,0,17,0
user_91,Premium,IN,105.9,5,Electronic,0,0,16,0
user_92,Premium,CA,77.8,3,Pop,9,1,0,0
user_93,Premium,DE,129.3,7,Country,7,0,1,0
user_94,Free,BR,55.2,1,Classical,4,1,6,1
user_95,Premium,RU,129.7,3,Rock,6,0,32,0
user_96,Free,IN,106.0,0,Electronic,2,0,20,0
user_97,Premium,UK,126.7,5,Country,5,0,34,1
user_98,Premium,PK,96.8,9,Jazz,6,0,11,0
user_99,Premium,BR,184.6,3,Rock,7,1,0,0
user_100,Premium,RU,125.5,4,Hip-Hop,7,2,9,0
user_101,Premium,PK,94.8,3,Jazz,0,1,8,0
user_102,Premium,BR,104.2,1,Jazz,6,0,16,0
user_103,Premium,PK,93.0,5,Jazz,1,0,26,0
user_104,Free,FR,114.9,1,Rock,4,0,16,1
user_105,Premium,IN,68.6,7,Rock,4,0,5,0
user_106,Premium,UK,157.1,4,Jazz,4,0,20,0
user_107,Premium,DE,120.2,5,Country,3,0,5,0
user_108,Premium,US,138.7,2,Country,6,1,11,0
user_109,Premium,CA,74.0,7,Hip-Hop,5,0,7,0
user_110,Premium,AU,97.5,5,Classical,9,0,19,0
user_111,Premium,DE,181.8,8,Jazz,4,0,1,0
user_112,Free,CA,89.1,4,Electronic,7,0,2,0
user_113,Free,BR,91.8,0,Rock,1,2,23,1
user_114,Premium,RU,58.8,5,Classical,0,0,15,1
user_115,Premium,BR,168.9,2,Rock,0,0,6,0
user_116,Free,CA,58.3,1,Hip-Hop,6,0,3,1
user_117,Premium,AU,80.9,6,Hip-Hop,6,1,2,0
user_118,Premium,US,91.8,6,Hip-Hop,4,0,6,0
user_119,Premium,US,90.4,6,Country,3,0,1,0
user_120,Premium,RU,96.2,2,Rock,4,0,4,0
user_121,Free,DE,118.9,2,Jazz,2,0,20,0
user_122,Free,RU,66.4,3,Electronic,3,0,13,0
user_123,Free,FR,44.1,0,Pop,4,0,9,0
user_124,Premium,AU,50.9,3,Jazz,0,1,13,1
user_125,Premium,DE,137.3,5,Pop,14,0,1,0
user_126,Premium,UK,153.6,8,Country,0,2,2,0
user_127,Free,AU,37.3,0,Electronic,3,0,1,0
user_128,Free,AU,27.6,2,Country,7,0,11,0
user_129,Free,BR,59.8,4,Electronic,5,0,8,1
user_130,Premium,FR,94.2,4,Classical,9,1,1,0
user_131,Premium,AU,93.7,2,Country,7,0,4,0
user_132,Premium,UK,177.3,5,Hip-Hop,5,1,2,0
user_133,Premium,RU,100.5,4,Electronic,3,0,1,0
user_134,Premium,IN,94.1,0,Jazz,7,0,40,0
user_135,Free,RU,52.8,0,Electronic,3,1,1,1
user_136,Premium,DE,142.7,6,Pop,5,0,8,0
user_137,Premium,DE,69.9,6,Electronic,3,0,3,0
user_138,Premium,US,137.1,5,Pop,0,0,2,0
user_139,Free,RU,67.8,0,Hip-Hop,6,0,1,0
user_140,Premium,PK,70.2,10,Hip-Hop,0,0,0,0
user_141,Free,DE,34.2,1,Pop,8,0,2,1
user_142,Premium,IN,102.7,7,Rock,7,0,9,0
user_143,Premium,PK,45.9,3,Classical,6,0,17,1
user_144,Free,DE,53.9,2,Hip-Hop,5,0,1,1
user_145,Premium,FR,122.6,4,Pop,8,2,1,0
user_146,Premium,IN,127.6,3,Electronic,6,1,1,0
user_147,Premium,RU,131.8,4,Hip-Hop,5,0,4,0
user_148,Free,US,122.3,1,Hip-Hop,7,1,16,1
user_149,Premium,AU,58.9,2,Jazz,0,0,13,0
user_150,Free,IN,49.5,0,Country,5,0,22,1
user_151,Premium,UK,144.9,0,Classical,5,0,1,0
user_152,Premium,DE,143.1,5,Country,6,0,4,0
user_153,Premium,RU,130.2,4,Jazz,6,0,22,0
user_154,Premium,UK,188.1,4,Country,6,0,3,0
user_155,Premium,IN,144.9,3,Rock,5,0,14,0
user_156,Free,BR,45.7,1,Electronic,7,0,17,1
user_157,Free,FR,51.9,0,Electronic,3,1,2,1
user_158,Free,FR,71.3,3,Country,7,0,10,0
user_159,Premium,DE,132.4,8,Jazz,2,0,2,0
user_160,Free,FR,22.7,2,Country,7,0,5,1
user_161,Premium,RU,139.6,4,Electronic,5,1,7,0
user_162,Premium,BR,86.2,4,Electronic,5,0,20,0
user_163,Free,PK,63.3,3,Jazz,6,0,12,0
user_164,Premium,CA,126.7,5,Classical,1,0,9,0
user_165,Premium,RU,167.8,3,Classical,2,2,41,0
user_166,Premium,FR,116.2,10,Classical,6,0,5,0
user_167,Premium,BR,115.3,4,Hip-Hop,1,0,7,0
user_168,Premium,BR,70.4,4,Pop,6,0,4,0
user_169,Free,UK,49.9,5,Country,4,0,1,0
user_170,Premium,AU,74.9,4,Country,1,0,5,0
user_171,Free,FR,53.1,3,Hip-Hop,10,0,0,0
user_172,Premium,US,153.8,2,Electronic,6,1,32,0
user_173,Free,PK,51.9,0,Hip-Hop,12,0,0,0
user_174,Premium,US,121.8,3,Rock,7,0,22,1
user_175,Free,BR,42.8,0,Pop,4,0,8,0
user_176,Premium,IN,103.7,7,Hip-Hop,0,0,5,0
user_177,Free,UK,97.4,0,Jazz,3,1,19,0
user_178,Free,FR,48.9,1,Classical,6,0,3,0
user_179,Premium,BR,86.7,8,Rock,7,0,0,0
user_180,Free,RU,98.1,0,Classical,2,0,11,1
user_181,Free,AU,44.3,2,Hip-Hop,1,1,1,1
user_182,Premium,FR,141.4,6,Electronic,2,0,19,0
user_183,Premium,BR,109.2,7,Country,1,0,3,0
user_184,Free,PK,78.5,0,Country,10,0,22,0
user_185,Free,DE,44.3,4,Electronic,2,0,8,1
user_186,Premium,AU,77.7,6,Pop,0,0,5,0
user_187,Premium,AU,57.5,8,Jazz,5,2,14,0
user_188,Premium,IN,117.1,6,Jazz,4,2,16,1
user_189,Premium,CA,109.1,4,Country,5,0,10,0
user_190,Free,BR,8.7,0,Pop,3,0,18,1
user_191,Premium,IN,120.6,5,Pop,3,0,0,0
user_192,Free,AU,36.7,0,Electronic,6,0,8,1
user_193,Premium,PK,150.9,5,Jazz,5,2,9,0
user_194,Premium,BR,149.5,2,Country,6,0,24,0
user_195,Free,FR,4.8,0,Rock,3,0,1,0
user_196,Free,UK,60.8,1,Jazz,5,0,9,0
user_197,Free,CA,41.7,0,Country,2,0,12,1
user_198,Premium,DE,79.4,6,Classical,0,0,6,0
user_199,Free,IN,74.8,2,Pop,2,0,0,0
user_200,Premium,BR,141.0,6,Classical,0,0,0,0
user_201,Free,FR,136.8,1,Electronic,8,0,1,0
user_202,Premium,PK,98.9,5,Rock,3,0,6,0
user_203,Premium,FR,101.2,8,Electronic,7,2,16,0
user_204,Premium,FR,103.1,2,Rock,7,2,8,0
user_205,Free,AU,38.2,1,Classical,4,0,2,1
user_206,Premium,US,138.6,7,Country,5,0,13,0
user_207,Premium,US,136.8,7,Classical,7,0,2,0
user_208,Premium,DE,133.8,1,Classical,4,1,43,1
user_209,Free,FR,72.9,2,Electronic,5,0,24,0
user_210,Premium,IN,81.7,5,Electronic,4,0,35,0
user_211,Free,BR,58.8,3,Pop,5,0,3,0
user_212,Free,FR,60.9,0,Hip-Hop,6,0,1,1
user_213,Free,PK,66.7,1,Hip-Hop,8,0,0,0
user_214,Premium,FR,93.2,5,Country,0,1,15,0
user_215,Free,CA,91.0,0,Country,5,0,2,0
user_216,Free,DE,86.7,3,Country,5,0,16,0
user_217,Free,PK,44.5,4,Hip-Hop,11,0,20,1
user_218,Free,UK,49.1,0,Jazz,0,0,13,0
user_219,Free,AU,47.4,1,Country,0,0,3,1
user_220,Premium,BR,92.4,1,Pop,1,0,11,0
user_221,Free,RU,89.5,1,Rock,4,0,9,0
user_222,Premium,FR,140.2,7,Electronic,9,0,7,0
user_223,Premium,FR,100.9,3,Jazz,3,0,15,0
user_224,Premium,AU,103.3,4,Jazz,4,0,34,0
user_225,Premium,PK,162.6,3,Jazz,2,0,16,0
user_226,Premium,UK,134.1,3,Country,2,0,7,0
user_227,Premium,US,166.4,8,Electronic,3,0,21,0
user_228,Premium,CA,108.4,6,Pop,8,2,8,0
user_229,Premium,CA,114.7,3,Pop,0,0,12,0
user_230,Free,BR,38.1,0,Pop,4,0,2,0
user_231,Premium,US,104.5,5,Pop,4,0,6,0
user_232,Free,RU,95.7,4,Rock,6,0,4,0
user_233,Free,DE,80.5,5,Country,6,1,15,1
user_234,Free,RU,49.2,3,Pop,6,0,20,0
user_235,Premium,PK,144.6,6,Hip-Hop,8,0,9,0
user_236,Premium,IN,155.1,3,Pop,6,0,21,0
user_237,Premium,US,115.0,5,Rock,8,0,1,0
user_238,Premium,UK,95.5,5,Electronic,6,0,7,0
user_239,Free,RU,65.7,2,Pop,0,0,10,0
user_240,Premium,PK,142.4,7,Hip-Hop,5,0,1,0
user_241,Free,BR,67.5,5,Country,4,0,10,0
user_242,Premium,BR,128.4,5,Pop,6,1,0,0
user_243,Free,IN,92.2,0,Hip-Hop,5,0,4,0
user_244,Premium,AU,99.0,4,Classical,5,0,20,0
user_245,Premium,UK,103.2,5,Country,9,0,11,0
user_246,Premium,PK,118.0,1,Electronic,3,1,58,0
user_247,Premium,AU,76.6,0,Hip-Hop,6,1,11,0
user_248,Premium,CA,104.9,7,Jazz,8,0,3,0
user_249,Premium,BR,139.5,4,Pop,10,0,5,0
user_250,Premium,CA,87.9,6,Country,4,0,2,0
user_251,Premium,PK,82.5,7,Hip-Hop,4,0,34,0
user_252,Premium,AU,153.5,5,Country,4,1,14,1
user_253,Free,FR,77.1,2,Hip-Hop,6,0,1,0
user_254,Free,BR,99.9,4,Rock,6,1,6,1
user_255,Premium,UK,99.7,8,Country,4,0,0,0
user_256,Premium,PK,77.1,1,Country,6,1,15,0
user_257,Premium,US,106.6,1,Classical,3,1,9,0
user_258,Free,IN,-12.7,4,Hip-Hop,1,0,19,1
user_259,Free,US,31.0,1,Rock,4,1,9,1
user_260,Premium,IN,85.2,6,Electronic,10,0,0,0
user_261,Premium,DE,126.3,0,Jazz,4,0,0,0
user_262,Free,CA,39.5,1,Country,2,1,1,1
user_263,Premium,IN,173.9,6,Rock,3,0,1,0
user_264,Free,BR,77.2,2,Electronic,2,0,12,0
user_265,Premium,DE,121.8,3,Country,7,0,12,0
user_266,Free,RU,71.8,0,Jazz,8,0,16,1
user_267,Free,RU,99.5,2,Pop,11,0,7,0
user_268,Free,IN,39.3,1,Country,5,0,0,1
user_269,Free,AU,40.5,1,Rock,4,0,37,1
user_270,Free,PK,72.7,0,Country,3,0,15,0
user_271,Free,US,59.3,6,Jazz,10,0,2,0
user_272,Premium,RU,133.1,2,Jazz,6,0,11,0
user_273,Premium,UK,112.3,1,Jazz,6,0,13,0
user_274,Premium,RU,139.4,1,Jazz,2,1,4,0
user_275,Free,UK,66.7,4,Rock,10,0,6,0
user_276,Free,FR,46.2,0,Electronic,3,0,8,1
user_277,Free,PK,104.3,4,Electronic,3,0,12,0
user_278,Premium,CA,131.9,5,Hip-Hop,4,0,6,0
user_279,Premium,DE,136.3,4,Pop,7,0,4,0
user_280,Premium,UK,34.5,2,Rock,5,2,4,0
user_281,Premium,RU,81.2,7,Country,3,0,35,0
user_282,Premium,RU,130.4,1,Hip-Hop,4,1,0,0
user_283,Free,UK,62.3,0,Jazz,7,0,5,0
user_284,Free,US,45.2,3,Hip-Hop,0,0,12,1
user_285,Premium,US,109.5,4,Hip-Hop,4,1,18,1
user_286,Premium,UK,182.3,5,Classical,8,0,20,0
user_287,Premium,US,112.2,4,Jazz,4,1,7,0
user_288,Free,RU,58.9,1,Jazz,1,0,27,0
user_289,Premium,CA,122.4,1,Electronic,7,0,6,0
user_290,Free,BR,70.4,0,Jazz,13,0,10,0
user_291,Free,FR,93.2,0,Jazz,6,0,35,1
user_292,Premium,CA,88.4,5,Pop,3,0,5,0
user_293,Free,FR,54.3,2,Electronic,7,1,28,0
user_294,Premium,IN,134.9,4,Hip-Hop,11,0,9,0
user_295,Premium,FR,126.0,7,Electronic,8,0,2,0
user_296,Premium,UK,155.6,2,Hip-Hop,9,0,10,0
user_297,Free,IN,69.1,0,Electronic,4,0,20,0
user_298,Premium,PK,129.9,5,Pop,9,0,13,0
user_299,Free,CA,52.7,3,Hip-Hop,8,0,16,1
user_300,Premium,BR,83.2,6,Rock,6,0,5,0
user_301,Free,UK,55.5,2,Classical,4,0,3,0
user_302,Premium,US,120.5,2,Electronic,0,0,11,0
user_303,Free,AU,30.3,0,Rock,3,0,2,0
user_304,Premium,IN,80.3,5,Electronic,2,0,11,0
user_305,Premium,DE,99.4,9,Jazz,7,0,7,0
user_306,Premium,DE,110.3,4,Classical,4,0,4,0
user_307,Premium,DE,78.3,1,Hip-Hop,8,0,9,0
user_308,Premium,FR,193.2,6,Country,6,0,12,0
user_309,Premium,DE,142.8,5,Country,5,0,0,0
user_310,Free,BR,58.1,1,Country,6,0,1,0
user_311,Premium,PK,69.2,4,Country,2,0,16,1
user_312,Free,BR,26.9,0,Classical,6,0,9,0
user_313,Premium,DE,90.3,6,Country,2,0,1,0
user_314,Free,US,53.3,0,Jazz,6,0,7,1
user_315,Premium,CA,102.0,5,Rock,0,0,32,0
user_316,Premium,CA,133.2,7,Country,4,0,7,0
user_317,Premium,BR,123.8,4,Electronic,5,1,17,0
user_318,Premium,RU,136.3,4,Pop,6,1,2,1
user_319,Free,IN,17.9,5,Classical,1,1,15,0
user_320,Premium,FR,99.2,6,Rock,3,0,5,0
user_321,Premium,RU,99.8,5,Jazz,2,0,8,0
user_322,Premium,PK,184.4,6,Pop,2,0,19,0
user_323,Premium,FR,114.4,4,Jazz,5,0,9,0
user_324,Premium,IN,115.6,1,Electronic,5,0,4,0
user_325,Free,PK,57.4,7,Classical,2,0,5,0
user_326,Premium,AU,169.2,6,Country,8,0,47,0
user_327,Premium,FR,137.1,8,Electronic,3,0,0,0
user_328,Free,UK,53.9,0,Country,2,0,4,0
user_329,Free,CA,61.0,0,Classical,5,0,21,0
user_330,Premium,BR,73.3,5,Electronic,11,0,3,0
user_331,Free,BR,96.8,0,Pop,10,0,6,1
user_332,Free,US,72.6,2,Hip-Hop,2,1,31,1
user_333,Premium,PK,136.2,3,Jazz,5,0,1,0
user_334,Free,CA,17.6,5,Country,4,0,4,0
user_335,Free,UK,92.7,3,Country,1,0,48,0
user_336,Premium,AU,110.5,5,Hip-Hop,7,2,18,0
user_337,Premium,PK,189.6,5,Hip-Hop,5,1,1,0
user_338,Free,RU,50.7,3,Country,6,0,12,1
user_339,Free,CA,36.4,0,Electronic,0,0,5,0
user_340,Premium,IN,135.2,9,Electronic,1,0,7,0
user_341,Premium,CA,119.8,6,Classical,5,2,4,0
user_342,Premium,US,117.0,6,Pop,6,0,3,0
user_343,Premium,IN,114.8,3,Pop,6,0,4,0
user_344,Premium,US,93.0,5,Rock,5,0,17,0
user_345,Free,AU,59.2,3,Classical,9,0,1,1
user_346,Premium,CA,136.7,0,Hip-Hop,5,0,1,0
user_347,Free,CA,41.7,1,Jazz,5,0,33,1
user_348,Premium,US,135.9,1,Electronic,3,0,7,0
user_349,Premium,UK,91.8,4,Hip-Hop,1,0,9,0
user_350,Free,RU,78.0,0,Hip-Hop,6,0,0,0
user_351,Free,IN,53.6,4,Country,5,0,41,1
user_352,Premium,UK,109.9,3,Country,3,0,1,0
user_353,Free,CA,41.6,1,Electronic,3,0,7,0
user_354,Premium,IN,125.1,1,Electronic,7,0,9,0
user_355,Free,CA,-16.6,3,Classical,0,0,4,0
user_356,Premium,DE,113.3,7,Country,4,0,13,0
user_357,Premium,BR,102.7,0,Country,3,2,7,1
user_358,Premium,UK,131.8,3,Hip-Hop,4,0,7,0
user_359,Premium,AU,155.9,4,Country,4,0,1,0
user_360,Free,CA,32.0,4,Electronic,2,0,6,0
user_361,Premium,IN,78.8,1,Country,9,0,22,0
user_362,Free,IN,53.7,4,Jazz,1,0,5,0
user_363,Premium,PK,140.3,4,Rock,11,0,10,0
user_364,Premium,DE,101.8,5,Hip-Hop,7,1,9,0
user_365,Free,UK,61.0,0,Hip-Hop,6,0,7,0
user_366,Free,FR,39.7,1,Classical,5,0,0,0
user_367,Free,RU,49.0,2,Rock,0,0,4,0
user_368,Premium,CA,90.9,6,Country,8,1,2,1
user_369,Premium,UK,155.6,6,Pop,7,1,9,0
user_370,Free,DE,37.3,0,Country,3,0,1,0
user_371,Free,PK,99.8,3,Hip-Hop,6,0,0,0
user_372,Free,AU,125.0,4,Hip-Hop,10,0,13,0
user_373,Free,AU,76.1,4,Jazz,3,0,26,1
user_374,Free,CA,34.8,0,Electronic,1,2,5,1
user_375,Free,CA,121.7,0,Classical,4,0,21,1
user_376,Premium,FR,111.7,2,Jazz,7,0,16,1
user_377,Free,AU,55.0,2,Country,4,0,18,1
user_378,Premium,IN,168.2,6,Country,7,0,10,0
user_379,Free,IN,65.4,0,Jazz,6,2,17,1
user_380,Premium,BR,100.5,5,Pop,0,0,18,0
user_381,Premium,DE,129.3,8,Rock,5,0,3,0
user_382,Free,RU,138.1,5,Country,6,0,20,0
user_383,Premium,UK,158.7,6,Jazz,4,0,0,0
user_384,Free,AU,23.3,3,Hip-Hop,2,0,48,1
user_385,Premium,CA,113.7,3,Classical,3,0,8,0
user_386,Premium,PK,137.7,6,Hip-Hop,9,1,2,0
user_387,Premium,IN,155.9,3,Pop,4,0,14,0
user_388,Free,CA,60.4,0,Country,1,0,1,0
user_389,Premium,US,141.7,4,Pop,10,0,21,0
user_390,Premium,PK,108.0,1,Jazz,9,0,5,0
user_391,Free,RU,14.2,4,Hip-Hop,3,0,10,0
user_392,Premium,FR,196.7,5,Classical,2,0,8,0
user_393,Premium,RU,181.8,7,Hip-Hop,8,0,3,0
user_394,Free,UK,77.8,1,Jazz,8,0,0,0
user_395,Premium,US,114.9,4,Classical,7,0,15,0
user_396,Premium,RU,148.7,0,Classical,7,0,1,0
user_397,Premium,PK,98.5,1,Electronic,4,0,9,0
user_398,Free,DE,56.3,2,Pop,6,0,5,0
user_399,Free,BR,96.6,3,Hip-Hop,4,0,18,0
user_400,Free,PK,31.2,4,Country,0,0,8,0
user_401,Premium,US,105.3,2,Electronic,5,0,3,0
user_402,Free,BR,6.9,4,Classical,4,0,18,0
user_403,Premium,PK,135.4,3,Hip-Hop,1,0,1,0
user_404,Premium,FR,33.8,5,Classical,3,0,6,0
user_405,Free,FR,109.8,1,Rock,3,1,9,0
user_406,Premium,DE,134.1,5,Electronic,3,0,10,0
user_407,Free,FR,57.0,1,Hip-Hop,2,0,23,0
user_408,Free,AU,35.2,0,Country,2,0,14,0
user_409,Free,US,104.8,1,Hip-Hop,4,2,0,1
user_410,Premium,FR,97.6,5,Electronic,1,0,5,0
user_411,Premium,PK,142.1,4,Electronic,5,0,27,1
user_412,Premium,DE,135.5,4,Rock,3,0,3,0
user_413,Free,DE,83.8,0,Pop,5,0,6,0
user_414,Premium,IN,79.3,5,Pop,6,2,4,0
user_415,Free,BR,38.0,0,Jazz,5,0,7,0
user_416,Free,FR,94.5,1,Electronic,5,0,12,0
user_417,Premium,DE,95.2,5,Classical,1,0,1,0
user_418,Free,IN,-27.6,1,Jazz,11,1,5,1
user_419,Premium,AU,138.6,9,Country,5,0,16,0
user_420,Premium,FR,98.2,3,Pop,4,0,15,0
user_421,Free,CA,40.6,0,Hip-Hop,3,0,14,0
user_422,Premium,IN,91.4,2,Country,5,0,21,0
user_423,Premium,CA,111.2,1,Rock,7,0,7,0
user_424,Premium,US,117.7,3,Electronic,4,0,10,0
user_425,Premium,DE,107.2,7,Rock,5,0,3,0
user_426,Premium,AU,76.9,5,Classical,9,0,10,0
user_427,Free,IN,46.6,4,Jazz,5,0,1,1
user_428,Free,DE,85.6,3,Jazz,6,0,3,0
user_429,Free,RU,50.0,1,Pop,2,0,5,1
user_430,Free,UK,72.7,0,Jazz,5,0,21,0
user_431,Premium,FR,120.7,7,Electronic,4,0,41,0
user_432,Free,RU,73.6,4,Rock,9,0,1,1
user_433,Free,RU,54.4,3,Hip-Hop,8,0,12,0
user_434,Premium,PK,197.7,3,Country,6,0,19,0
user_435,Free,RU,65.1,4,Country,1,0,6,0
user_436,Premium,CA,154.2,4,Pop,8,1,4,1
user_437,Premium,PK,158.9,4,Rock,2,0,12,0
user_438,Free,PK,44.9,0,Jazz,3,0,4,1
user_439,Premium,UK,168.5,4,Classical,8,0,4,0
user_440,Free,AU,105.6,1,Jazz,8,0,38,0
user_441,Premium,FR,92.9,5,Electronic,1,0,11,0
user_442,Free,DE,95.6,1,Classical,6,0,18,0
user_443,Premium,PK,146.1,2,Pop,5,1,3,1
user_444,Premium,US,178.2,7,Hip-Hop,1,0,27,0
user_445,Premium,AU,130.5,5,Hip-Hop,6,2,3,0
user_446,Premium,AU,153.3,5,Jazz,6,0,8,0
user_447,Premium,IN,116.0,3,Electronic,8,1,7,1
user_448,Premium,AU,116.4,5,Classical,4,0,1,0
user_449,Premium,US,103.9,4,Hip-Hop,5,0,3,0
user_450,Premium,AU,125.7,4,Country,7,0,24,0
user_451,Free,DE,82.2,3,Electronic,2,0,17,1
user_452,Premium,RU,152.6,6,Country,3,1,1,0
user_453,Free,UK,71.0,5,Pop,4,0,0,0
user_454,Premium,US,109.5,1,Rock,4,0,9,0
user_455,Free,DE,28.4,0,Country,7,1,22,1
user_456,Premium,FR,171.3,6,Rock,3,1,0,0
user_457,Free,RU,62.1,4,Country,2,0,0,0
user_458,Free,IN,67.2,2,Electronic,6,0,17,0
user_459,Free,PK,65.7,4,Classical,0,1,3,0
user_460,Premium,AU,140.3,7,Classical,3,0,9,0
user_461,Premium,AU,115.9,6,Country,9,0,8,0
user_462,Premium,FR,159.4,2,Jazz,7,0,7,0
user_463,Free,DE,52.6,0,Hip-Hop,11,1,30,1
user_464,Premium,US,114.7,7,Classical,6,0,7,0
user_465,Premium,AU,101.3,5,Rock,2,0,6,0
user_466,Free,BR,20.4,1,Country,0,0,2,0
user_467,Premium,US,74.9,6,Hip-Hop,5,0,0,0
user_468,Free,UK,16.3,4,Rock,3,1,8,1
user_469,Premium,DE,63.7,5,Jazz,4,0,0,0
user_470,Free,US,80.1,0,Rock,5,1,4,0
user_471,Free,BR,92.3,2,Rock,10,0,49,0
user_472,Free,DE,58.2,1,Classical,3,0,5,1
user_473,Premium,CA,65.9,1,Hip-Hop,5,0,9,0
user_474,Premium,UK,135.3,6,Country,3,2,31,0
user_475,Premium,DE,105.5,5,Hip-Hop,9,0,1,0
user_476,Premium,IN,146.9,3,Pop,0,0,4,0
user_477,Premium,AU,113.7,3,Hip-Hop,4,0,0,0
user_478,Free,DE,62.3,3,Jazz,4,0,11,0
user_479,Free,BR,27.3,4,Electronic,4,0,10,0
user_480,Free,CA,60.6,2,Rock,7,0,20,0
user_481,Free,PK,41.6,2,Electronic,1,2,0,1
user_482,Premium,UK,123.3,1,Country,3,0,6,0
user_483,Premium,DE,103.5,5,Pop,5,0,4,0
user_484,Premium,CA,89.2,6,Pop,8,0,18,0
user_485,Premium,BR,100.6,8,Electronic,1,0,3,0
user_486,Premium,US,147.6,4,Pop,9,0,16,0
user_487,Premium,US,128.7,5,Classical,4,1,3,0
user_488,Premium,IN,144.3,1,Pop,8,1,9,0
user_489,Free,RU,91.0,4,Classical,1,0,5,0
user_490,Premium,UK,107.7,3,Hip-Hop,3,2,0,0
user_491,Free,DE,99.3,4,Hip-Hop,3,0,5,0
user_492,Premium,US,113.7,7,Pop,1,0,9,0
user_493,Premium,US,83.0,3,Electronic,4,0,11,0
user_494,Premium,CA,128.4,4,Classical,1,2,0,0
user_495,Premium,US,136.4,5,Rock,3,0,0,0
user_496,Premium,BR,116.7,2,Hip-Hop,3,0,0,0
user_497,Premium,PK,112.2,8,Classical,6,0,1,0
user_498,Premium,US,111.1,4,Rock,5,0,21,0
user_499,Premium,AU,155.2,5,Pop,4,0,4,0
user_500,Premium,AU,133.4,6,Electronic,0,1,1,0
user_501,Premium,IN,172.0,9,Country,6,2,5,0
user_502,Premium,CA,135.0,2,Pop,2,0,2,0
user_503,Free,RU,55.0,1,Country,0,0,8,0
user_504,Premium,CA,142.4,4,Pop,1,0,9,0
user_505,Premium,DE,44.1,4,Hip-Hop,8,0,9,0
user_506,Free,RU,118.8,1,Electronic,1,0,0,0
user_507,Free,DE,139.3,0,Electronic,5,0,7,0
user_508,Free,IN,74.0,1,Electronic,5,0,15,0
user_509,Free,FR,78.6,1,Jazz,6,0,6,0
user_510,Free,IN,59.1,2,Jazz,8,0,4,0
user_511,Premium,US,92.8,3,Pop,3,0,7,0
user_512,Premium,CA,161.2,10,Country,4,0,20,0
user_513,Free,UK,58.4,2,Electronic,6,1,8,0
user_514,Premium,RU,139.4,7,Classical,4,0,22,0
user_515,Free,FR,77.8,0,Hip-Hop,6,0,0,1
user_516,Premium,AU,125.8,8,Hip-Hop,4,0,12,0
user_517,Free,DE,36.8,2,Electronic,2,0,16,1
user_518,Free,UK,18.6,0,Rock,2,0,31,0
user_519,Free,RU,88.6,3,Jazz,7,1,13,1
user_520,Free,RU,75.5,2,Rock,3,0,14,0
user_521,Premium,BR,155.7,6,Hip-Hop,6,0,0,0
user_522,Free,BR,92.1,0,Classical,4,0,5,0
user_523,Free,AU,39.7,1,Hip-Hop,2,0,16,1
user_524,Premium,PK,110.8,5,Rock,6,0,3,0
user_525,Premium,BR,120.0,3,Electronic,6,0,0,0
user_526,Premium,UK,148.1,4,Country,2,1,3,0
user_527,Premium,IN,96.9,3,Electronic,7,0,3,0
user_528,Free,AU,54.2,0,Country,4,0,10,0
user_529,Premium,RU,121.8,5,Jazz,9,0,1,0
user_530,Premium,AU,80.7,5,Classical,8,0,5,0
user_531,Premium,PK,174.0,7,Classical,5,0,2,0
user_532,Premium,CA,105.3,6,Rock,6,0,16,1
user_533,Premium,AU,151.8,10,Country,6,0,3,0
user_534,Free,UK,44.7,0,Hip-Hop,4,0,1,0
user_535,Premium,RU,104.3,5,Rock,2,0,0,0
user_536,Premium,RU,153.6,3,Electronic,5,0,3,0
user_537,Free,UK,50.2,2,Hip-Hop,7,0,3,0
user_538,Free,IN,34.0,1,Hip-Hop,2,0,3,0
user_539,Free,BR,45.7,3,Hip-Hop,5,0,5,0
user_540,Premium,CA,125.8,4,Pop,7,0,33,0
user_541,Free,CA,68.0,0,Electronic,0,0,10,0
user_542,Premium,DE,116.0,6,Classical,2,0,10,0
user_543,Premium,BR,122.7,5,Rock,3,0,15,0
user_544,Free,AU,50.5,1,Jazz,5,0,4,0
user_545,Free,RU,60.0,3,Jazz,0,0,2,0
user_546,Free,UK,-8.9,0,Classical,0,0,0,0
user_547,Free,CA,46.4,4,Rock,5,0,2,1
user_548,Premium,PK,129.0,4,Electronic,11,0,21,0
user_549,Free,UK,80.1,0,Hip-Hop,0,0,1,0
user_550,Free,FR,84.5,4,Classical,7,0,3,0
user_551,Free,DE,24.3,5,Hip-Hop,2,0,22,1
user_552,Free,AU,79.2,0,Jazz,0,0,0,0
user_553,Premium,BR,121.2,2,Electronic,7,0,0,0
user_554,Premium,IN,104.6,1,Classical,1,0,0,0
user_555,Free,BR,53.1,0,Classical,0,0,7,1
user_556,Free,IN,54.3,1,Rock,5,1,6,0
user_557,Premium,BR,120.7,6,Jazz,1,0,14,0
user_558,Premium,BR,153.4,5,Rock,9,0,37,1
user_559,Premium,FR,140.2,6,Pop,3,0,0,0
user_560,Free,BR,42.8,3,Classical,2,0,7,0
user_561,Premium,UK,82.8,2,Classical,5,0,18,0
user_562,Premium,CA,121.5,6,Classical,7,1,6,1
user_563,Premium,PK,72.0,3,Rock,4,2,13,1
user_564,Premium,DE,70.7,3,Hip-Hop,4,1,31,1
user_565,Free,UK,60.6,2,Jazz,1,1,2,1
user_566,Premium,DE,101.5,5,Country,2,0,15,0
user_567,Premium,RU,86.7,5,Electronic,6,0,4,0
user_568,Premium,DE,154.2,2,Country,7,0,4,0
user_569,Free,PK,53.0,2,Rock,7,0,12,0
user_570,Free,FR,57.7,0,Country,4,0,31,0
user_571,Premium,IN,71.8,5,Country,11,0,0,0
user_572,Premium,IN,120.2,6,Electronic,3,1,6,0
user_573,Premium,DE,53.6,8,Country,0,1,0,1
user_574,Free,FR,52.0,2,Electronic,6,0,2,0
user_575,Premium,UK,72.1,5,Jazz,11,0,0,0
user_576,Premium,CA,79.1,5,Jazz,5,2,2,0
user_577,Free,UK,72.8,2,Electronic,3,2,6,0
user_578,Premium,UK,134.6,3,Country,7,0,10,0
user_579,Premium,DE,91.3,5,Jazz,9,0,6,0
user_580,Free,RU,70.7,3,Rock,4,0,2,0
user_581,Free,US,22.5,3,Pop,7,0,13,0
user_582,Premium,UK,106.4,4,Country,2,0,0,0
user_583,Premium,AU,183.0,4,Rock,3,2,5,0
user_584,Premium,FR,100.6,2,Rock,0,1,14,0
user_585,Free,CA,4.0,4,Hip-Hop,2,0,8,0
user_586,Premium,US,143.7,7,Jazz,1,0,2,0
user_587,Premium,AU,120.4,3,Electronic,3,0,30,1
user_588,Free,UK,80.6,0,Rock,10,0,8,0
user_589,Premium,US,168.5,5,Electronic,2,0,22,1
user_590,Premium,IN,80.1,7,Jazz,3,0,6,0
user_591,Premium,UK,76.5,4,Pop,1,0,4,0
user_592,Free,IN,70.9,1,Electronic,6,2,0,1
user_593,Premium,US,41.9,5,Classical,6,0,4,0
user_594,Premium,IN,132.1,7,Jazz,7,0,10,0
user_595,Free,UK,6.6,2,Rock,3,0,1,0
user_596,Free,AU,57.6,3,Hip-Hop,0,0,0,1
user_597,Premium,DE,87.4,2,Classical,7,0,13,0
user_598,Free,US,25.5,1,Country,8,1,3,0
user_599,Free,RU,95.8,0,Classical,3,0,4,0
user_600,Premium,DE,133.9,7,Jazz,0,0,10,0
user_601,Premium,UK,122.6,3,Classical,2,1,15,1
user_602,Free,CA,75.7,3,Rock,5,0,0,0
user_603,Premium,PK,139.5,1,Electronic,8,0,14,0
user_604,Premium,UK,90.1,5,Pop,2,0,7,0
user_605,Free,US,78.2,1,Country,6,0,12,0
user_606,Premium,AU,146.6,6,Jazz,4,0,11,0
user_607,Premium,RU,140.0,5,Rock,7,0,2,0
user_608,Premium,DE,101.5,2,Country,1,0,38,0
user_609,Premium,UK,133.2,6,Hip-Hop,6,0,29,0
user_610,Premium,US,170.2,0,Rock,4,0,1,0
user_611,Premium,RU,140.9,6,Pop,4,0,18,0
user_612,Premium,UK,117.9,4,Pop,6,0,2,0
user_613,Free,CA,86.7,3,Classical,6,0,0,0
user_614,Free,CA,61.5,5,Rock,5,0,19,0
user_615,Premium,UK,134.8,3,Country,0,1,1,0
user_616,Premium,PK,152.9,2,Pop,1,0,20,0
user_617,Premium,BR,151.8,6,Jazz,7,0,8,0
user_618,Premium,IN,79.0,5,Hip-Hop,3,0,3,0
user_619,Premium,UK,89.1,2,Rock,0,0,13,0
user_620,Premium,US,153.4,3,Rock,4,0,15,0
user_621,Premium,IN,103.9,1,Country,1,0,0,0
user_622,Premium,AU,157.1,6,Rock,4,0,10,0
user_623,Premium,FR,153.5,7,Country,3,0,13,0
user_624,Premium,US,80.2,4,Rock,3,0,3,0
user_625,Free,AU,70.3,1,Pop,5,1,1,0
user_626,Premium,FR,97.2,8,Hip-Hop,3,0,12,0
user_627,Free,FR,4.6,0,Classical,0,0,2,0
user_628,Free,CA,40.5,0,Classical,4,2,3,0
user_629,Premium,PK,126.2,5,Country,2,0,0,0
user_630,Premium,US,125.3,4,Rock,5,0,0,0
user_631,Premium,US,170.2,7,Hip-Hop,1,0,0,0
user_632,Premium,FR,144.9,7,Pop,8,0,9,0
user_633,Premium,US,86.3,3,Rock,8,0,29,1
user_634,Premium,PK,128.1,4,Jazz,5,0,8,0
user_635,Premium,UK,151.4,7,Classical,4,0,8,0
user_636,Premium,UK,118.7,4,Classical,0,0,31,0
user_637,Premium,DE,153.7,4,Hip-Hop,6,0,37,0
user_638,Premium,CA,89.4,3,Hip-Hop,4,0,13,0
user_639,Premium,IN,116.1,6,Country,3,0,12,0
user_640,Free,BR,11.8,2,Jazz,4,0,9,1
user_641,Free,DE,21.2,3,Jazz,3,0,2,1
user_642,Free,IN,67.9,2,Country,6,0,0,0
user_643,Premium,US,96.5,3,Rock,2,1,0,0
user_644,Free,DE,35.0,5,Hip-Hop,4,0,9,1
user_645,Free,IN,42.6,2,Pop,6,2,26,0
user_646,Premium,PK,134.2,2,Rock,5,0,9,0
user_647,Premium,UK,146.1,6,Pop,2,0,4,0
user_648,Free,DE,61.1,2,Country,7,0,7,0
user_649,Premium,UK,96.4,2,Classical,5,0,15,0
user_650,Free,UK,81.6,6,Rock,2,1,2,0
user_651,Free,CA,41.8,5,Pop,10,0,27,1
user_652,Free,RU,37.0,1,Jazz,0,1,0,1
user_653,Free,AU,60.8,0,Rock,4,0,26,0
user_654,Free,BR,39.3,2,Rock,3,0,5,0
user_655,Free,FR,22.3,3,Jazz,4,0,0,0
user_656,Free,FR,51.6,3,Jazz,1,0,21,1
user_657,Premium,PK,137.1,6,Rock,4,0,3,0
user_658,Premium,AU,101.6,5,Country,0,0,7,0
user_659,Premium,CA,79.5,2,Classical,6,0,3,0
user_660,Free,CA,76.4,0,Classical,0,0,7,0
user_661,Premium,US,113.1,3,Country,5,2,2,0
user_662,Premium,DE,209.6,5,Rock,7,0,18,0
user_663,Free,US,72.6,3,Country,11,2,1,1
user_664,Premium,AU,86.1,3,Hip-Hop,6,1,11,0
user_665,Free,DE,47.5,1,Classical,7,0,7,0
user_666,Free,RU,87.6,1,Pop,6,0,4,0
user_667,Premium,IN,113.5,4,Classical,12,1,2,0
user_668,Premium,BR,133.0,4,Classical,3,0,2,0
user_669,Free,DE,90.6,6,Classical,0,0,7,0
user_670,Free,RU,3.6,4,Rock,8,1,1,1
user_671,Free,CA,-19.1,2,Pop,5,0,7,0
user_672,Premium,UK,147.7,5,Country,2,0,1,0
user_673,Free,AU,33.1,1,Classical,2,0,4,1
user_674,Free,IN,79.5,1,Electronic,5,1,7,0
user_675,Premium,CA,111.0,4,Rock,12,0,9,0
user_676,Premium,RU,86.6,2,Country,7,0,0,0
user_677,Premium,AU,128.4,8,Hip-Hop,6,0,18,0
user_678,Free,US,71.7,0,Electronic,4,1,15,1
user_679,Premium,RU,80.4,4,Pop,2,0,4,0
user_680,Premium,RU,118.1,4,Rock,7,0,7,0
user_681,Premium,CA,101.8,5,Electronic,8,0,5,0
user_682,Free,UK,45.2,0,Country,2,0,4,0
user_683,Premium,BR,101.3,4,Pop,3,0,12,0
user_684,Free,FR,-6.2,4,Country,7,0,0,1
user_685,Free,AU,79.5,0,Rock,4,1,16,1
user_686,Free,PK,59.8,2,Jazz,9,0,0,0
user_687,Premium,DE,133.7,7,Rock,7,0,16,0
user_688,Free,US,83.7,0,Hip-Hop,5,0,11,1
user_689,Free,AU,102.1,3,Rock,3,0,22,0
user_690,Premium,UK,105.6,5,Hip-Hop,5,0,14,0
user_691,Premium,US,171.0,7,Jazz,5,1,10,1
user_692,Premium,IN,148.2,4,Pop,1,0,12,0
user_693,Free,PK,34.6,0,Electronic,1,1,2,1
user_694,Premium,FR,96.5,6,Rock,4,0,7,0
user_695,Premium,BR,92.8,8,Rock,6,0,15,0
user_696,Free,RU,90.9,3,Jazz,1,0,3,1
user_697,Free,FR,65.2,3,Pop,1,0,2,1
user_698,Premium,BR,93.1,2,Jazz,7,1,9,0
user_699,Premium,AU,145.4,2,Rock,6,0,14,0
user_700,Free,US,78.8,0,Hip-Hop,9,0,5,0
user_701,Premium,RU,130.5,1,Pop,5,0,3,0
user_702,Free,CA,52.1,3,Country,4,0,55,0
user_703,Premium,PK,130.1,5,Pop,6,1,0,0
user_704,Premium,PK,73.9,7,Electronic,2,1,16,0
user_705,Premium,BR,89.5,4,Hip-Hop,4,0,15,0
user_706,Premium,PK,116.0,1,Classical,6,1,10,0
user_707,Premium,RU,138.7,7,Rock,6,0,8,0
user_708,Free,IN,92.7,3,Rock,5,1,8,1
user_709,Premium,AU,124.3,5,Rock,3,2,12,0
user_710,Premium,FR,166.9,2,Hip-Hop,3,1,9,0
user_711,Free,AU,71.0,0,Classical,6,0,8,0
user_712,Free,BR,86.6,1,Country,3,0,11,0
user_713,Premium,AU,88.2,7,Pop,10,0,11,0
user_714,Premium,UK,120.1,2,Pop,7,0,1,0
user_715,Free,PK,96.9,5,Hip-Hop,6,1,6,1
user_716,Premium,RU,93.6,6,Classical,6,0,1,0
user_717,Premium,RU,166.6,6,Classical,6,0,32,0
user_718,Free,CA,73.9,0,Electronic,14,0,5,0
user_719,Premium,CA,127.2,2,Pop,6,0,8,0
user_720,Free,BR,53.9,0,Country,8,0,0,1
user_721,Premium,IN,117.8,4,Hip-Hop,5,2,21,0
user_722,Premium,FR,97.3,5,Electronic,7,0,2,0
user_723,Free,DE,78.9,0,Country,7,0,58,0
user_724,Premium,CA,101.1,5,Country,5,0,6,0
user_725,Free,PK,44.5,1,Jazz,4,0,0,0
user_726,Premium,US,97.6,3,Rock,2,0,6,0
user_727,Premium,DE,105.3,4,Pop,4,0,36,0
user_728,Premium,FR,112.8,1,Hip-Hop,3,1,16,0
user_729,Premium,UK,83.9,2,Electronic,3,0,2,0
user_730,Premium,IN,109.4,7,Country,1,0,0,0
user_731,Free,FR,77.9,0,Electronic,3,1,19,1
user_732,Free,US,32.2,0,Rock,4,1,8,0
user_733,Free,DE,49.2,2,Electronic,5,0,1,1
user_734,Premium,PK,200.8,2,Pop,7,1,6,0
user_735,Premium,BR,117.6,3,Rock,7,0,0,0
user_736,Free,FR,43.5,0,Classical,0,1,12,1
user_737,Premium,FR,175.0,6,Jazz,6,1,3,0
user_738,Premium,DE,131.1,7,Jazz,5,0,45,0
user_739,Premium,RU,111.6,6,Pop,4,0,13,0
user_740,Premium,CA,77.8,0,Classical,0,0,18,0
user_741,Free,UK,88.5,1,Jazz,0,0,6,0
user_742,Premium,FR,92.3,4,Hip-Hop,6,0,2,0
user_743,Premium,DE,177.1,8,Rock,11,0,2,0
user_744,Free,RU,55.2,0,Jazz,7,0,10,0
user_745,Premium,BR,126.5,2,Hip-Hop,3,0,2,0
user_746,Free,US,34.9,2,Classical,3,0,3,0
user_747,Free,DE,26.9,2,Electronic,8,0,4,0
user_748,Premium,CA,104.6,5,Classical,2,0,18,1
user_749,Premium,PK,104.1,5,Rock,1,0,2,0
user_750,Premium,PK,140.4,4,Country,6,1,3,0
user_751,Premium,UK,136.0,7,Rock,3,0,6,0
user_752,Free,CA,73.8,0,Hip-Hop,4,0,6,0
user_753,Premium,BR,91.9,3,Pop,5,1,6,0
user_754,Premium,UK,114.4,8,Jazz,4,1,1,0
user_755,Premium,AU,37.6,4,Classical,3,0,17,1
user_756,Premium,IN,161.7,3,Rock,1,0,7,0
user_757,Premium,BR,143.0,5,Rock,6,0,0,0
user_758,Premium,BR,237.8,5,Hip-Hop,3,0,5,0
user_759,Premium,US,111.4,5,Jazz,4,0,2,0
user_760,Free,IN,47.3,2,Jazz,2,0,3,0
user_761,Free,AU,47.5,0,Electronic,3,0,13,0
user_762,Premium,US,157.7,5,Pop,3,0,2,0
user_763,Premium,CA,140.6,8,Country,4,1,0,1
user_764,Premium,DE,140.1,8,Rock,5,0,2,0
user_765,Free,AU,54.2,1,Classical,5,0,27,1
user_766,Premium,FR,127.6,6,Hip-Hop,0,0,11,0
user_767,Premium,AU,146.1,4,Electronic,2,2,3,0
user_768,Premium,CA,148.7,6,Country,8,0,9,0
user_769,Premium,AU,101.9,4,Pop,0,0,4,0
user_770,Free,US,48.2,1,Classical,1,0,26,1
user_771,Premium,US,129.7,2,Jazz,5,1,2,0
user_772,Premium,US,30.3,9,Classical,3,2,13,0
user_773,Premium,US,134.0,8,Pop,2,0,5,0
user_774,Free,PK,112.4,1,Hip-Hop,6,0,11,1
user_775,Premium,US,95.3,3,Hip-Hop,3,0,5,0
user_776,Premium,RU,88.3,5,Classical,10,0,3,0
user_777,Premium,PK,62.6,4,Electronic,0,0,1,0
user_778,Premium,BR,179.6,5,Rock,1,0,23,0
user_779,Premium,DE,157.9,3,Hip-Hop,6,0,17,0
user_780,Free,BR,66.0,5,Rock,7,0,22,0
user_781,Free,US,10.4,0,Electronic,4,0,8,1
user_782,Premium,BR,122.8,2,Rock,4,1,39,0
user_783,Free,UK,105.5,3,Hip-Hop,5,0,7,0
user_784,Premium,FR,113.6,1,Jazz,6,0,27,0
user_785,Premium,FR,62.8,3,Hip-Hop,3,1,2,0
user_786,Premium,UK,176.6,2,Country,6,0,8,0
user_787,Premium,IN,152.5,4,Hip-Hop,4,0,4,0
user_788,Premium,UK,159.8,7,Hip-Hop,3,1,3,1
user_789,Premium,BR,74.4,0,Hip-Hop,3,1,4,0
user_790,Premium,AU,136.6,5,Electronic,6,1,4,1
user_791,Free,US,3.9,1,Country,5,0,7,0
user_792,Premium,RU,133.5,4,Electronic,3,0,5,0
user_793,Premium,RU,133.6,3,Pop,5,1,12,0
user_794,Premium,IN,133.4,4,Jazz,2,1,1,1
user_795,Premium,US,138.3,5,Pop,3,0,4,0
user_796,Premium,PK,126.7,0,Country,8,0,17,0
user_797,Free,CA,72.8,4,Classical,0,0,1,0
user_798,Free,DE,38.7,0,Jazz,0,0,11,0
user_799,Free,PK,43.3,2,Classical,1,0,1,0
user_800,Free,BR,48.1,0,Country,4,0,21,1
user_801,Premium,CA,74.6,5,Rock,10,0,31,0
user_802,Premium,PK,120.6,5,Electronic,4,0,27,0
user_803,Free,BR,66.8,3,Country,1,0,13,1
user_804,Premium,CA,171.1,8,Pop,6,2,5,0
user_805,Free,AU,83.3,3,Jazz,5,0,7,0
user_806,Premium,RU,112.5,4,Classical,8,0,4,0
user_807,Premium,BR,114.4,5,Hip-Hop,4,0,7,0
user_808,Free,BR,96.6,3,Hip-Hop,0,0,3,0
user_809,Premium,CA,117.2,5,Electronic,2,0,11,0
user_810,Premium,US,158.4,7,Hip-Hop,3,0,3,0
user_811,Premium,PK,169.5,7,Classical,2,0,27,1
user_812,Premium,BR,130.8,5,Rock,1,1,2,0
user_813,Premium,FR,133.5,1,Classical,1,0,1,0
user_814,Premium,DE,111.5,7,Jazz,3,1,22,1
user_815,Free,AU,54.2,0,Pop,8,1,1,0
user_816,Premium,BR,169.7,4,Jazz,3,0,20,0
user_817,Free,BR,55.8,3,Pop,0,0,0,1
user_818,Premium,RU,159.5,4,Jazz,5,1,15,0
user_819,Premium,RU,117.3,4,Rock,0,0,36,1
user_820,Free,RU,104.8,0,Classical,6,1,12,0
user_821,Free,RU,74.2,1,Electronic,7,0,0,0
user_822,Premium,FR,56.2,7,Jazz,4,1,16,1
user_823,Premium,PK,98.8,3,Hip-Hop,4,1,4,0
user_824,Free,PK,33.1,3,Electronic,2,0,0,1
user_825,Premium,CA,32.8,4,Electronic,1,0,7,0
user_826,Premium,IN,71.1,5,Classical,1,0,16,0
user_827,Premium,CA,101.8,5,Classical,3,0,4,0
user_828,Premium,AU,99.2,8,Electronic,2,0,0,0
user_829,Free,AU,57.1,1,Country,2,0,10,1
user_830,Free,US,78.2,3,Electronic,4,0,22,1
user_831,Premium,FR,89.9,3,Electronic,0,0,11,0
user_832,Premium,FR,105.0,6,Rock,7,0,17,1
user_833,Premium,UK,86.9,4,Classical,2,1,11,0
user_834,Premium,PK,159.9,4,Jazz,4,0,49,0
user_835,Premium,FR,146.8,8,Electronic,3,0,6,0
user_836,Free,CA,81.4,0,Classical,10,0,5,0
user_837,Free,BR,81.4,0,Country,3,0,27,0
user_838,Premium,CA,133.1,6,Country,6,0,8,0
user_839,Free,DE,31.4,0,Hip-Hop,2,0,20,0
user_840,Free,IN,84.9,1,Electronic,7,0,11,0
user_841,Premium,PK,170.0,8,Hip-Hop,7,0,5,0
user_842,Free,CA,113.5,3,Jazz,2,0,2,1
user_843,Free,CA,28.5,3,Classical,9,0,2,0
user_844,Premium,FR,140.9,7,Jazz,5,0,0,0
user_845,Free,CA,34.6,4,Classical,7,0,4,1
user_846,Free,PK,58.8,1,Rock,4,0,0,0
user_847,Free,DE,27.9,5,Rock,1,0,3,1
user_848,Free,RU,65.7,2,Classical,5,0,0,0
user_849,Premium,US,125.5,6,Pop,5,0,0,0
user_850,Premium,RU,206.1,5,Classical,2,0,4,0
user_851,Premium,AU,114.8,6,Country,6,1,3,0
user_852,Premium,FR,98.0,8,Pop,5,1,23,0
user_853,Free,PK,79.2,4,Jazz,6,0,3,0
user_854,Premium,CA,124.4,6,Classical,1,0,10,0
user_855,Premium,PK,112.9,5,Classical,2,0,10,0
user_856,Premium,DE,155.2,1,Country,7,0,1,0
user_857,Free,AU,66.9,3,Electronic,4,1,13,1
user_858,Premium,US,93.8,4,Jazz,5,0,0,0
user_859,Free,IN,32.5,4,Country,8,0,31,1
user_860,Premium,FR,124.0,6,Jazz,13,0,0,0
user_861,Premium,US,55.4,6,Jazz,0,0,2,0
user_862,Premium,RU,165.1,4,Pop,3,0,1,0
user_863,Premium,UK,162.6,0,Hip-Hop,8,1,3,1
user_864,Premium,FR,130.1,3,Classical,0,0,11,0
user_865,Premium,AU,85.4,7,Country,6,0,1,0
user_866,Premium,IN,91.9,8,Electronic,7,0,12,0
user_867,Premium,IN,136.0,5,Hip-Hop,10,0,9,0
user_868,Premium,CA,120.0,4,Pop,0,0,9,0
user_869,Free,US,49.2,2,Classical,4,0,8,0
user_870,Premium,FR,90.5,3,Rock,5,0,0,0
user_871,Free,AU,65.9,0,Electronic,0,1,10,1
user_872,Free,RU,67.7,5,Country,4,0,2,1
user_873,Premium,RU,147.4,1,Country,9,0,4,0
user_874,Premium,PK,137.2,3,Jazz,11,0,2,0
user_875,Premium,FR,135.1,8,Pop,7,0,0,0
user_876,Premium,CA,112.7,4,Rock,4,0,14,0
user_877,Free,UK,29.2,4,Rock,2,0,14,0
user_878,Premium,FR,168.9,0,Electronic,1,0,27,0
user_879,Free,CA,44.4,1,Jazz,6,0,4,1
user_880,Premium,AU,122.3,4,Hip-Hop,3,1,7,1
user_881,Premium,BR,133.7,3,Jazz,1,0,1,0
user_882,Premium,UK,69.4,4,Rock,7,0,4,0
user_883,Free,IN,38.7,5,Classical,3,0,16,0
user_884,Premium,UK,125.3,5,Pop,6,1,30,0
user_885,Premium,RU,117.7,2,Jazz,9,0,5,0
user_886,Free,FR,114.2,0,Classical,3,1,4,0
user_887,Premium,IN,135.2,3,Hip-Hop,11,0,20,0
user_888,Premium,FR,155.7,1,Rock,7,0,16,0
user_889,Free,PK,35.5,2,Pop,7,0,5,0
user_890,Premium,RU,124.2,3,Electronic,3,0,1,0
user_891,Premium,IN,179.2,2,Classical,6,1,17,0
user_892,Premium,BR,164.7,4,Hip-Hop,2,0,9,0
user_893,Free,FR,74.7,3,Hip-Hop,5,0,1,0
user_894,Premium,CA,117.0,6,Jazz,2,0,0,0
user_895,Free,CA,73.1,0,Pop,7,0,11,0
user_896,Premium,FR,123.8,7,Classical,4,0,30,1
user_897,Premium,CA,99.8,4,Classical,10,0,4,0
user_898,Premium,AU,95.0,5,Rock,3,0,23,0
user_899,Premium,BR,81.2,3,Country,3,0,17,0
user_900,Premium,IN,117.7,5,Jazz,8,0,4,0
user_901,Premium,DE,127.6,7,Rock,6,0,15,0
user_902,Premium,UK,153.0,1,Electronic,10,0,31,0
user_903,Premium,BR,188.2,6,Electronic,6,0,8,0
user_904,Free,AU,21.7,4,Pop,6,0,7,1
user_905,Premium,IN,140.9,2,Electronic,4,0,1,0
user_906,Free,IN,35.9,0,Hip-Hop,3,1,4,1
user_907,Premium,RU,116.2,3,Electronic,0,0,4,0
user_908,Premium,FR,181.6,4,Pop,5,0,7,0
user_909,Premium,BR,170.9,8,Rock,5,0,32,0
user_910,Free,RU,90.7,6,Country,6,0,0,0
user_911,Premium,IN,106.4,4,Electronic,4,0,1,0
user_912,Premium,UK,117.6,1,Rock,5,0,4,0
user_913,Free,PK,89.3,0,Country,8,1,5,0
user_914,Premium,RU,161.6,0,Pop,4,0,0,0
user_915,Premium,PK,89.7,3,Classical,9,0,3,0
user_916,Premium,RU,139.9,2,Classical,3,1,1,0
user_917,Premium,AU,134.9,3,Classical,6,0,6,0
user_918,Premium,AU,178.1,3,Rock,1,1,15,0
user_919,Premium,CA,121.4,5,Classical,3,1,5,0
user_920,Premium,RU,78.8,3,Pop,8,0,13,0
user_921,Premium,UK,171.4,1,Hip-Hop,6,0,20,0
user_922,Free,US,74.3,2,Electronic,3,0,1,1
user_923,Premium,PK,158.4,0,Pop,6,0,56,0
user_924,Premium,AU,45.2,5,Hip-Hop,2,0,5,0
user_925,Premium,FR,102.5,2,Country,4,0,5,0
user_926,Premium,AU,182.0,7,Country,0,0,8,0
user_927,Premium,IN,116.9,2,Hip-Hop,11,0,2,0
user_928,Premium,RU,167.8,7,Hip-Hop,3,0,8,0
user_929,Free,UK,86.4,0,Electronic,9,0,13,0
user_930,Premium,UK,129.4,4,Rock,12,0,1,0
user_931,Premium,RU,104.1,1,Electronic,6,0,3,0
user_932,Free,US,135.3,1,Country,4,0,3,1
user_933,Premium,AU,139.2,5,Pop,4,0,0,0
user_934,Free,US,21.0,3,Electronic,11,0,5,0
user_935,Premium,PK,148.8,5,Hip-Hop,5,0,22,0
user_936,Premium,IN,152.2,7,Electronic,6,0,5,0
user_937,Premium,PK,129.6,5,Hip-Hop,1,0,3,0
user_938,Premium,DE,128.6,3,Classical,2,0,3,0
user_939,Free,US,123.7,4,Rock,10,0,0,0
user_940,Free,AU,23.3,0,Jazz,5,0,3,0
user_941,Premium,UK,157.2,4,Pop,8,0,26,0
user_942,Premium,RU,138.1,4,Hip-Hop,7,0,8,0
user_943,Free,DE,97.8,4,Jazz,2,1,21,1
user_944,Free,AU,90.2,1,Classical,6,0,2,1
user_945,Free,UK,121.5,2,Country,7,0,14,0
user_946,Premium,RU,96.3,3,Hip-Hop,0,0,2,0
user_947,Premium,DE,121.0,5,Country,4,0,15,0
user_948,Premium,RU,131.9,6,Country,8,0,33,1
user_949,Free,DE,30.4,1,Electronic,8,0,8,0
user_950,Premium,CA,146.8,5,Classical,0,0,3,0
user_951,Free,FR,116.9,0,Pop,2,0,5,0
user_952,Free,PK,82.9,0,Rock,3,0,15,0
user_953,Premium,FR,112.9,6,Rock,6,1,18,0
user_954,Premium,BR,128.0,1,Electronic,1,0,0,0
user_955,Premium,DE,90.3,4,Rock,2,0,16,0
user_956,Premium,IN,86.6,4,Country,7,0,19,0
user_957,Premium,BR,132.2,6,Classical,6,0,29,0
user_958,Premium,BR,95.2,2,Hip-Hop,8,0,6,0
user_959,Premium,RU,124.8,9,Country,3,0,16,1
user_960,Premium,PK,98.2,4,Hip-Hop,6,0,10,0
user_961,Free,PK,81.9,3,Country,4,0,19,0
user_962,Free,CA,70.2,2,Jazz,2,1,13,0
user_963,Premium,UK,85.7,6,Electronic,4,0,0,0
user_964,Free,DE,62.2,1,Jazz,10,0,18,1
user_965,Premium,FR,86.4,4,Rock,5,0,2,0
user_966,Premium,RU,156.9,5,Hip-Hop,10,0,9,0
user_967,Free,CA,98.3,1,Hip-Hop,6,1,1,1
user_968,Free,IN,85.2,2,Classical,7,0,11,0
user_969,Premium,DE,146.2,4,Classical,3,0,5,0
user_970,Free,IN,70.0,2,Jazz,5,1,9,1
user_971,Premium,PK,92.5,3,Classical,4,0,14,0
user_972,Free,PK,69.2,0,Country,4,0,0,0
user_973,Premium,US,132.7,5,Rock,0,1,4,0
user_974,Premium,BR,80.5,0,Electronic,7,0,21,0
user_975,Premium,FR,217.3,9,Hip-Hop,4,0,10,0
user_976,Premium,RU,116.8,1,Rock,10,0,5,0
user_977,Premium,FR,101.3,6,Hip-Hop,6,0,5,0
user_978,Premium,BR,152.1,1,Pop,4,0,13,0
user_979,Premium,IN,59.4,5,Country,7,0,4,0
user_980,Free,RU,56.3,0,Classical,3,0,0,0
user_981,Free,CA,38.6,3,Rock,5,0,5,0
user_982,Premium,RU,125.0,5,Electronic,1,0,4,0
user_983,Premium,CA,162.9,2,Electronic,3,0,0,0
user_984,Premium,IN,129.9,4,Country,3,0,16,0
user_985,Premium,UK,99.2,1,Rock,5,0,19,1
user_986,Free,BR,121.3,1,Classical,9,0,44,0
user_987,Premium,UK,129.7,4,Pop,2,0,7,0
user_988,Premium,AU,144.7,5,Hip-Hop,3,0,4,0
user_989,Premium,IN,139.9,3,Rock,8,0,0,0
user_990,Free,CA,45.1,0,Country,2,1,2,0
user_991,Premium,PK,66.9,5,Hip-Hop,0,0,20,1
user_992,Premium,PK,83.1,4,Rock,7,0,4,0
user_993,Premium,RU,115.5,4,Jazz,1,0,1,0
user_994,Free,CA,24.8,1,Jazz,5,0,10,0
user_995,Premium,CA,125.4,7,Jazz,6,0,1,0
user_996,Free,IN,47.6,5,Hip-Hop,5,0,27,1
user_997,Premium,BR,115.1,5,Country,2,0,4,0
user_998,Premium,FR,89.5,6,Classical,0,0,1,0
user_999,Free,AU,33.2,3,Classical,5,0,15,1
user_1000,Premium,AU,60.9,6,Country,8,0,1,0
